{
  "hash": "6ef1306d",
  "configHash": "c2ef7235",
  "lockfileHash": "658e16ac",
  "browserHash": "f64c26f7",
  "optimized": {
    "@angular/common": {
      "src": "../../../../../node_modules/@angular/common/fesm2022/common.mjs",
      "file": "@angular_common.js",
      "fileHash": "5c4287a0",
      "needsInterop": false
    },
    "@angular/core": {
      "src": "../../../../../node_modules/@angular/core/fesm2022/core.mjs",
      "file": "@angular_core.js",
      "fileHash": "e12cb8e8",
      "needsInterop": false
    },
    "@angular/platform-browser": {
      "src": "../../../../../node_modules/@angular/platform-browser/fesm2022/platform-browser.mjs",
      "file": "@angular_platform-browser.js",
      "fileHash": "1ccd4593",
      "needsInterop": false
    },
    "@angular/router": {
      "src": "../../../../../node_modules/@angular/router/fesm2022/router.mjs",
      "file": "@angular_router.js",
      "fileHash": "63a4945d",
      "needsInterop": false
    }
  },
  "chunks": {
    "chunk-KRRG4QVF": {
      "file": "chunk-KRRG4QVF.js"
    },
    "chunk-SGHJYLS7": {
      "file": "chunk-SGHJYLS7.js"
    },
    "chunk-NU2FZHYZ": {
      "file": "chunk-NU2FZHYZ.js"
    }
  }
}